Server,Port,Status
http://172.21.200.167:9801/gtw/sendMessage/flow,80,timeout of 20000ms exceeded
http://172.21.200.167:8502/,80,timeout of 20000ms exceeded
http://172.21.200.167:7001/console/login/LoginForm.jsp,80,timeout of 20000ms exceeded
https://avicam.claro.com.gt/avi/,443,success
https://torredecontrol.claro.com.gt/,443,timeout of 20000ms exceeded
https://torredecontrol.claro.com.gt:9801/gtw/sendMessage/flow,443,timeout of 20000ms exceeded
https://jira.claro.com.gt/,443,success
https://confluence.claro.com.gt/,443,Request failed with status code 401
https://educlarorg.claro.com.gt/educlaro/,443,timeout of 20000ms exceeded
https://processmaker/sysworkflow/es/neoclassic/,443,getaddrinfo ENOTFOUND processmaker
https://conciliaciones.claro.com.gt,443,timeout of 20000ms exceeded
http://jobpoint.claro.com.gt/,80,timeout of 20000ms exceeded
https://jobpoint.claro.com.gt/,443,timeout of 20000ms exceeded
172.21.200.224,7001,connect ETIMEDOUT 172.21.200.224:7001
172.21.200.224,8502,connect ETIMEDOUT 172.21.200.224:8502
172.21.200.224,8503,connect ETIMEDOUT 172.21.200.224:8503
172.21.200.224,22,connect ETIMEDOUT 172.21.200.224:22
172.21.200.207,7001,connect ETIMEDOUT 172.21.200.207:7001
172.21.200.207,8502,connect ETIMEDOUT 172.21.200.207:8502
172.21.200.207,8503,connect ETIMEDOUT 172.21.200.207:8503
172.21.200.207,22,connect ETIMEDOUT 172.21.200.207:22
172.18.125.62,3871,connect ETIMEDOUT 172.18.125.62:3871
172.18.125.68,3871,connect ETIMEDOUT 172.18.125.68:3871
172.18.125.71,3871,connect ETIMEDOUT 172.18.125.71:3871
172.18.125.64,3871,connect ETIMEDOUT 172.18.125.64:3871
172.18.125.69,3871,connect ETIMEDOUT 172.18.125.69:3871
172.18.125.72,3871,connect ETIMEDOUT 172.18.125.72:3871
172.18.125.65,3871,connect ETIMEDOUT 172.18.125.65:3871
172.18.125.70,3871,connect ETIMEDOUT 172.18.125.70:3871
172.18.125.73,3871,connect ETIMEDOUT 172.18.125.73:3871
172.21.200.59,80,connect ETIMEDOUT 172.21.200.59:80
172.21.200.59,443,connect ETIMEDOUT 172.21.200.59:443
172.21.200.59,22,connect ETIMEDOUT 172.21.200.59:22
172.21.200.56,3872,connect ETIMEDOUT 172.21.200.56:3872
172.21.200.56,3871,connect ETIMEDOUT 172.21.200.56:3871
172.21.200.56,22,connect ETIMEDOUT 172.21.200.56:22
172.21.200.243,111,connect ETIMEDOUT 172.21.200.243:111
172.21.200.243,2049,connect ETIMEDOUT 172.21.200.243:2049
172.21.200.243,22,connect ETIMEDOUT 172.21.200.243:22
172.21.200.144,6112,connect ETIMEDOUT 172.21.200.144:6112
172.21.200.144,6113,connect ETIMEDOUT 172.21.200.144:6113
172.21.200.144,6114,connect ETIMEDOUT 172.21.200.144:6114
172.21.200.144,6115,connect ETIMEDOUT 172.21.200.144:6115
172.21.200.144,6116,connect ETIMEDOUT 172.21.200.144:6116
172.21.200.144,6117,connect ETIMEDOUT 172.21.200.144:6117
172.21.200.144,22,connect ETIMEDOUT 172.21.200.144:22
172.21.200.167,8080,connect ETIMEDOUT 172.21.200.167:8080
172.21.200.167,8100,connect ETIMEDOUT 172.21.200.167:8100
172.21.200.167,8181,connect ETIMEDOUT 172.21.200.167:8181
172.21.200.167,9801,connect ETIMEDOUT 172.21.200.167:9801
172.21.200.167,7001,connect ETIMEDOUT 172.21.200.167:7001
172.21.200.167,7500,connect ETIMEDOUT 172.21.200.167:7500
172.21.200.167,22,connect ETIMEDOUT 172.21.200.167:22
172.21.200.133,4100,connect ETIMEDOUT 172.21.200.133:4100
172.21.200.133,4102,connect ETIMEDOUT 172.21.200.133:4102
172.21.200.133,4103,connect ETIMEDOUT 172.21.200.133:4103
172.21.200.133,4104,connect ETIMEDOUT 172.21.200.133:4104
172.21.200.133,4105,connect ETIMEDOUT 172.21.200.133:4105
172.21.200.133,4106,connect ETIMEDOUT 172.21.200.133:4106
172.21.200.133,7001,connect ETIMEDOUT 172.21.200.133:7001
172.21.200.133,22,connect ETIMEDOUT 172.21.200.133:22
10.253.64.57,19092,connect ETIMEDOUT 10.253.64.57:19092
10.253.64.57,12181,connect ETIMEDOUT 10.253.64.57:12181
10.253.64.57,2888,connect ETIMEDOUT 10.253.64.57:2888
10.253.64.57,3888,connect ETIMEDOUT 10.253.64.57:3888
10.253.64.57,2370,connect ETIMEDOUT 10.253.64.57:2370
10.253.64.57,6005,connect ETIMEDOUT 10.253.64.57:6005
10.253.64.57,2369,connect ETIMEDOUT 10.253.64.57:2369
10.253.64.57,7005,connect ETIMEDOUT 10.253.64.57:7005
10.253.64.57,8393,connect ETIMEDOUT 10.253.64.57:8393
10.253.64.57,18080,connect ETIMEDOUT 10.253.64.57:18080
10.253.64.57,8443,connect ETIMEDOUT 10.253.64.57:8443
10.253.64.57,2368,connect ETIMEDOUT 10.253.64.57:2368
10.253.64.57,2371,connect ETIMEDOUT 10.253.64.57:2371
10.253.64.57,1521,connect ETIMEDOUT 10.253.64.57:1521
10.253.64.57,22,connect ETIMEDOUT 10.253.64.57:22
10.253.64.58,19092,connect ETIMEDOUT 10.253.64.58:19092
10.253.64.58,12181,connect ETIMEDOUT 10.253.64.58:12181
10.253.64.58,2888,connect ETIMEDOUT 10.253.64.58:2888
10.253.64.58,3888,connect ETIMEDOUT 10.253.64.58:3888
10.253.64.58,2370,connect ETIMEDOUT 10.253.64.58:2370
10.253.64.58,6005,connect ETIMEDOUT 10.253.64.58:6005
10.253.64.58,2369,connect ETIMEDOUT 10.253.64.58:2369
10.253.64.58,7005,connect ETIMEDOUT 10.253.64.58:7005
10.253.64.58,8393,connect ETIMEDOUT 10.253.64.58:8393
10.253.64.58,18080,connect ETIMEDOUT 10.253.64.58:18080
10.253.64.58,8443,connect ETIMEDOUT 10.253.64.58:8443
10.253.64.58,2368,connect ETIMEDOUT 10.253.64.58:2368
10.253.64.58,2371,connect ETIMEDOUT 10.253.64.58:2371
10.253.64.58,1521,connect ETIMEDOUT 10.253.64.58:1521
10.253.64.58,22,connect ETIMEDOUT 10.253.64.58:22
172.24.136.9,19092,connect ETIMEDOUT 172.24.136.9:19092
172.24.136.9,12181,connect ETIMEDOUT 172.24.136.9:12181
172.24.136.9,2888,connect ETIMEDOUT 172.24.136.9:2888
172.24.136.9,3888,connect ETIMEDOUT 172.24.136.9:3888
172.24.136.9,2370,connect ETIMEDOUT 172.24.136.9:2370
172.24.136.9,6005,connect ETIMEDOUT 172.24.136.9:6005
172.24.136.9,2369,connect ETIMEDOUT 172.24.136.9:2369
172.24.136.9,7005,connect ETIMEDOUT 172.24.136.9:7005
172.24.136.9,8393,connect ETIMEDOUT 172.24.136.9:8393
172.24.136.9,18080,connect ETIMEDOUT 172.24.136.9:18080
172.24.136.9,8443,connect ETIMEDOUT 172.24.136.9:8443
172.24.136.9,2368,connect ETIMEDOUT 172.24.136.9:2368
172.24.136.9,2371,connect ETIMEDOUT 172.24.136.9:2371
172.24.136.9,1521,connect ETIMEDOUT 172.24.136.9:1521
172.24.136.9,22,connect ETIMEDOUT 172.24.136.9:22
172.24.136.10,19092,connect ETIMEDOUT 172.24.136.10:19092
172.24.136.10,12181,connect ETIMEDOUT 172.24.136.10:12181
172.24.136.10,2888,connect ETIMEDOUT 172.24.136.10:2888
172.24.136.10,3888,connect ETIMEDOUT 172.24.136.10:3888
172.24.136.10,2370,connect ETIMEDOUT 172.24.136.10:2370
172.24.136.10,6005,connect ETIMEDOUT 172.24.136.10:6005
172.24.136.10,2369,connect ETIMEDOUT 172.24.136.10:2369
172.24.136.10,7005,connect ETIMEDOUT 172.24.136.10:7005
172.24.136.10,8393,connect ETIMEDOUT 172.24.136.10:8393
172.24.136.10,18080,connect ETIMEDOUT 172.24.136.10:18080
172.24.136.10,8443,connect ETIMEDOUT 172.24.136.10:8443
172.24.136.10,2368,connect ETIMEDOUT 172.24.136.10:2368
172.24.136.10,2371,connect ETIMEDOUT 172.24.136.10:2371
172.24.136.10,1521,connect ETIMEDOUT 172.24.136.10:1521
172.24.136.10,22,connect ETIMEDOUT 172.24.136.10:22
10.253.64.80,3871,connect ETIMEDOUT 10.253.64.80:3871
10.247.41.150,3875,connect ETIMEDOUT 10.247.41.150:3875
10.247.41.152,3875,connect ETIMEDOUT 10.247.41.152:3875
10.218.41.131,8100,connect ETIMEDOUT 10.218.41.131:8100
10.218.41.131,8181,connect ETIMEDOUT 10.218.41.131:8181
10.218.41.131,9801,connect ETIMEDOUT 10.218.41.131:9801
10.218.41.131,22,connect ETIMEDOUT 10.218.41.131:22
10.218.41.132,7500,connect ETIMEDOUT 10.218.41.132:7500
10.218.41.132,7000,connect ETIMEDOUT 10.218.41.132:7000
10.218.41.132,22,connect ETIMEDOUT 10.218.41.132:22
172.21.200.237,8100,connect ETIMEDOUT 172.21.200.237:8100
172.21.200.237,8181,connect ETIMEDOUT 172.21.200.237:8181
172.21.200.237,9801,connect ETIMEDOUT 172.21.200.237:9801
172.21.200.237,22,connect ETIMEDOUT 172.21.200.237:22
172.21.201.235,3871,connect ETIMEDOUT 172.21.201.235:3871
172.21.200.244,80,connect ETIMEDOUT 172.21.200.244:80
172.21.200.244,443,connect ETIMEDOUT 172.21.200.244:443
172.21.200.244,3871,connect ETIMEDOUT 172.21.200.244:3871
172.21.200.244,25,connect ETIMEDOUT 172.21.200.244:25
